Subject,Condition,Time_point,Value
1,1,401,3.12970387935638
1,1,402,3.03639897704124
1,1,403,2.9606054648757
1,1,404,2.9094283208251
1,1,405,2.88758390396833
1,1,406,2.89696856588125
1,1,407,2.93655259907246
1,1,408,3.00261278823018
1,1,409,3.08925262093544
1,1,410,3.18914189189672
1,1,411,3.29439213871956
1,1,412,3.39744231104851
1,1,413,3.49184359610081
1,1,414,3.57287403941154
1,1,415,3.63789044320583
1,1,416,3.68639245629311
1,1,417,3.71981459856033
1,1,418,3.74106386303902
1,1,419,3.75389929115772
1,1,420,3.76221907138824
1,1,421,3.76936820149422
1,1,422,3.77755783498287
1,1,423,3.78747095167637
1,1,424,3.79810479283333
1,1,425,3.80687093734741
1,1,426,3.8099363297224
1,1,427,3.80275563895702
1,1,428,3.78072300553322
1,1,429,3.73985862731934
1,1,430,3.67744097113609
1,1,431,3.59249013662338
1,1,432,3.48605647683144
1,1,433,3.36126083135605
1,1,434,3.22309827804565
1,1,435,3.07799607515335
1,1,436,2.93321749567986
1,1,437,2.79615476727486
1,1,438,2.67361152172089
1,1,439,2.57115112245083
1,1,440,2.49259439110756
1,1,441,2.43968339264393
1,1,442,2.41200277209282
1,1,443,2.40712828934193
1,1,444,2.42097136378288
1,1,445,2.44828572869301
1,1,446,2.48326370120049
1,1,447,2.52015492320061
1,1,448,2.55383029580116
1,1,449,2.58022662997246
1,1,450,2.59663569927216
1,1,451,2.60181403160095
1,2,401,2.41066436469555
1,2,402,2.44325938820839
1,2,403,2.46901962906122
1,2,404,2.49071047455072
1,2,405,2.51209343969822
1,2,406,2.53734356537461
1,2,407,2.5704198461026
1,2,408,2.61448403354734
1,2,409,2.67143702507019
1,2,410,2.74161108583212
1,2,411,2.82366241514683
1,2,412,2.91466112434864
1,2,413,3.01036084443331
1,2,414,3.10561493039131
1,2,415,3.19489688798785
1,2,416,3.27284999936819
1,2,417,3.3348131403327
1,2,418,3.37726730760187
1,2,419,3.39815533487126
1,2,420,3.3970608448144
1,2,421,3.37522134045139
1,2,422,3.3353858855553
1,2,423,3.28154540527612
1,2,424,3.21855679526925
1,2,425,3.15171749517322
1,2,426,3.08631479367614
1,2,427,3.02721293643117
1,2,428,2.9784870762378
1,2,429,2.94315903447568
1,2,430,2.92301398143172
1,2,431,2.91854181326926
1,2,432,2.92897475790232
1,2,433,2.95242048893124
1,2,434,2.98605302814394
1,2,435,3.02636657096446
1,2,436,3.06945463083684
1,2,437,3.11129845678806
1,2,438,3.14803621545434
1,2,439,3.17621845752001
1,2,440,3.1930176615715
1,2,441,3.19640156626701
1,2,442,3.18522794544697
1,2,443,3.15930149704218
1,2,444,3.11934852600098
1,2,445,3.06695382297039
1,2,446,3.00441147387028
1,2,447,2.93454680591822
1,2,448,2.86050590127707
1,2,449,2.7854989990592
1,2,450,2.71253930032253
1,2,451,2.64421185851097
1,3,401,2.33656038716435
1,3,402,2.37438314780593
1,3,403,2.42934367060661
1,3,404,2.49928534775972
1,3,405,2.58043924719095
1,3,406,2.66780012845993
1,3,407,2.75566586107016
1,3,408,2.83828119188547
1,3,409,2.91049411147833
1,3,410,2.9683455452323
1,3,411,3.00951550155878
1,3,412,3.03355722874403
1,3,413,3.04191416874528
1,3,414,3.03770218044519
1,3,415,3.0252735982649
1,3,416,3.0096281375736
1,3,417,2.99576397240162
1,3,418,2.98803694546223
1,3,419,2.98959384858608
1,3,420,3.00197897851467
1,3,421,3.02494758367538
1,3,422,3.05651630461216
1,3,423,3.0932330340147
1,3,424,3.13063381612301
1,3,425,3.16384248435497
1,3,426,3.18822404742241
1,3,427,3.19999979436398
1,3,428,3.1967535763979
1,3,429,3.17778079211712
1,3,430,3.14421331882477
1,3,431,3.09893184900284
1,3,432,3.04624870419502
1,3,433,2.99142149090767
1,3,434,2.94004760682583
1,3,435,2.89743027091026
1,3,436,2.86794759333134
1,3,437,2.8545690625906
1,3,438,2.8585075289011
1,3,439,2.87908327579498
1,3,440,2.91379995644093
1,3,441,2.95863345265388
1,3,442,3.00846391916275
1,3,443,3.05763481557369
1,3,444,3.10055224597454
1,3,445,3.13224749267101
1,3,446,3.14886625111103
1,3,447,3.14801351726055
1,3,448,3.12892033159733
1,3,449,3.09244605898857
1,3,450,3.04090020060539
1,3,451,2.9777238368988
1,4,401,2.43615544214845
1,4,402,2.45016643032432
1,4,403,2.45157900452614
1,4,404,2.43956391513348
1,4,405,2.41500657051802
1,4,406,2.38033282011747
1,4,407,2.33919538557529
1,4,408,2.29603658616543
1,4,409,2.25559551268816
1,4,410,2.22239710390568
1,4,411,2.20029120147228
1,4,412,2.19206768088043
1,4,413,2.19919500872493
1,4,414,2.22170728445053
1,4,415,2.25822953134775
1,4,416,2.30613270401955
1,4,417,2.36181326210499
1,4,418,2.42105375230312
1,4,419,2.47940523922443
1,4,420,2.53257977962494
1,4,421,2.57678614556789
1,4,422,2.60901218652725
1,4,423,2.62718331813812
1,4,424,2.63022935390472
1,4,425,2.61804051697254
1,4,426,2.59133990108967
1,4,427,2.55148531496525
1,4,428,2.50022660195827
1,4,429,2.43946979939938
1,4,430,2.3710548132658
1,4,431,2.29657125473022
1,4,432,2.21724638342857
1,4,433,2.13388754427433
1,4,434,2.04691159725189
1,4,435,1.9564069211483
1,4,436,1.8622535020113
1,4,437,1.76424443721771
1,4,438,1.6622219234705
1,4,439,1.55618374049664
1,4,440,1.44635620713234
1,4,441,1.3332327529788
1,4,442,1.21756114531308
1,4,443,1.10031602904201
1,4,444,0.982635710388422
1,4,445,0.865755574777722
1,4,446,0.750955902971327
1,4,447,0.639516077935696
1,4,448,0.532702988013625
1,4,449,0.431786973029375
1,4,450,0.338084597140551
1,4,451,0.252991519868374
2,1,401,6.4844691157341
2,1,402,6.6713809967041
2,1,403,6.84180265665054
2,1,404,6.99621176719666
2,1,405,7.13615751266479
2,1,406,7.26391315460205
2,1,407,7.38207197189331
2,1,408,7.49314177036285
2,1,409,7.59916830062866
2,1,410,7.7014262676239
2,1,411,7.80025923252106
2,1,412,7.8950343132019
2,1,413,7.98424637317657
2,1,414,8.06573784351349
2,1,415,8.13698244094849
2,1,416,8.1954505443573
2,1,417,8.23894715309143
2,1,418,8.26592624187469
2,1,419,8.27568829059601
2,1,420,8.26851487159729
2,1,421,8.24562990665436
2,1,422,8.20909959077835
2,1,423,8.16161370277405
2,1,424,8.10619151592255
2,1,425,8.04589307308197
2,1,426,7.98350638151169
2,1,427,7.92130208015442
2,1,428,7.86082941293716
2,1,429,7.80281692743301
2,1,430,7.74716705083847
2,1,431,7.69298648834229
2,1,432,7.63875436782837
2,1,433,7.58245867490768
2,1,434,7.52181857824326
2,1,435,7.45448017120361
2,1,436,7.37820267677307
2,1,437,7.29104048013687
2,1,438,7.19147849082947
2,1,439,7.07855308055878
2,1,440,6.95195055007935
2,1,441,6.81208574771881
2,1,442,6.66014420986176
2,1,443,6.49815738201141
2,1,444,6.32900142669678
2,1,445,6.15638697147369
2,1,446,5.98477786779404
2,1,447,5.81925237178802
2,1,448,5.66531091928482
2,1,449,5.52853238582611
2,1,450,5.41422557830811
2,1,451,5.32695898413658
2,2,401,5.91268330812454
2,2,402,6.02718663215637
2,2,403,6.17664009332657
2,2,404,6.35799497365952
2,2,405,6.56487554311752
2,2,406,6.78816747665405
2,2,407,7.01689207553864
2,2,408,7.23930740356445
2,2,409,7.44405734539032
2,2,410,7.62131607532501
2,2,411,7.76372396945953
2,2,412,7.86708307266235
2,2,413,7.93068361282349
2,2,414,7.95730471611023
2,2,415,7.95279514789581
2,2,416,7.92539930343628
2,2,417,7.88480865955353
2,2,418,7.84112358093262
2,2,419,7.80378675460815
2,2,420,7.78062784671783
2,2,421,7.77713418006897
2,2,422,7.79596984386444
2,2,423,7.8368079662323
2,2,424,7.89652943611145
2,2,425,7.96963036060333
2,2,426,8.04893016815186
2,2,427,8.12637555599213
2,2,428,8.19390797615051
2,2,429,8.24428880214691
2,2,430,8.27176916599274
2,2,431,8.27260065078735
2,2,432,8.2452734708786
2,2,433,8.19053840637207
2,2,434,8.11118102073669
2,2,435,8.01161861419678
2,2,436,7.8973650932312
2,2,437,7.77445948123932
2,2,438,7.64883959293365
2,2,439,7.52587831020355
2,2,440,7.40993809700012
2,2,441,7.3041410446167
2,2,442,7.21026992797852
2,2,443,7.12882483005524
2,2,444,7.05919349193573
2,2,445,6.99991345405579
2,2,446,6.94899934530258
2,2,447,6.90423220396042
2,2,448,6.86345398426056
2,2,449,6.82480084896088
2,2,450,6.78682923316956
2,2,451,6.74862724542618
2,3,401,8.69115662574768
2,3,402,8.85089862346649
2,3,403,8.9937105178833
2,3,404,9.11514806747437
2,3,405,9.211594581604
2,3,406,9.28032600879669
2,3,407,9.31958222389221
2,3,408,9.32859480381012
2,3,409,9.30760896205902
2,3,410,9.25791394710541
2,3,411,9.18186509609222
2,3,412,9.08287608623505
2,3,413,8.96540915966034
2,3,414,8.83488142490387
2,3,415,8.69752418994904
2,3,416,8.56016874313354
2,3,417,8.42993795871735
2,3,418,8.31384479999542
2,3,419,8.21835064888
2,3,420,8.14887154102325
2,3,421,8.10931193828583
2,3,422,8.10165131092072
2,3,423,8.1256206035614
2,3,424,8.17857325077057
2,3,425,8.25549757480621
2,3,426,8.34924018383026
2,3,427,8.45095598697662
2,3,428,8.55071306228638
2,3,429,8.63822436332703
2,3,430,8.70364344120026
2,3,431,8.73834419250488
2,3,432,8.73562657833099
2,3,433,8.691251039505
2,3,434,8.60374295711517
2,3,435,8.47446238994598
2,3,436,8.30741941928864
2,3,437,8.10882544517517
2,3,438,7.88647401332855
2,3,439,7.64897191524506
2,3,440,7.404949426651
2,3,441,7.16232049465179
2,3,442,6.92766201496124
2,3,443,6.70578098297119
2,3,444,6.49954044818878
2,3,445,6.30990695953369
2,3,446,6.13625395298004
2,3,447,5.97684419155121
2,3,448,5.82940340042114
2,3,449,5.69176071882248
2,3,450,5.56241577863693
2,3,451,5.44094985723495
2,4,401,8.53715252876282
2,4,402,8.66543126106262
2,4,403,8.82924461364746
2,4,404,9.0213178396225
2,4,405,9.23110485076904
2,4,406,9.44590091705322
2,4,407,9.65217053890228
2,4,408,9.83693695068359
2,4,409,9.98910486698151
2,4,410,10.1005443334579
2,4,411,10.1668395996094
2,4,412,10.1876118183136
2,4,413,10.1664263010025
2,4,414,10.1102553606033
2,4,415,10.0285949707031
2,4,416,9.93235504627228
2,4,417,9.83265495300293
2,4,418,9.73965013027191
2,4,419,9.66152703762054
2,4,420,9.60378813743591
2,4,421,9.56889641284943
2,4,422,9.55629777908325
2,4,423,9.56278741359711
2,4,424,9.58319461345673
2,4,425,9.6112277507782
2,4,426,9.6404310464859
2,4,427,9.66507458686829
2,4,428,9.68087899684906
2,4,429,9.68552482128143
2,4,430,9.67880129814148
2,4,431,9.66248750686646
2,4,432,9.63990557193756
2,4,433,9.61524987220764
2,4,434,9.59280705451965
2,4,435,9.57613289356232
2,4,436,9.56735157966614
2,4,437,9.56664478778839
2,4,438,9.57199954986572
2,4,439,9.57927942276001
2,4,440,9.5826268196106
2,4,441,9.57509708404541
2,4,442,9.54952347278595
2,4,443,9.49941885471344
2,4,444,9.41991758346558
2,4,445,9.30850446224213
2,4,446,9.1655660867691
2,4,447,8.99457442760468
2,4,448,8.80196708440781
2,4,449,8.59663051366806
2,4,450,8.38916426897049
2,4,451,8.19084405899048
3,1,401,0.269137118011713
3,1,402,0.212126702070236
3,1,403,0.157396964728832
3,1,404,0.107272524386644
3,1,405,0.0650873146951199
3,1,406,0.0350764598697424
3,1,407,0.0220674038864672
3,1,408,0.0310708001197781
3,1,409,0.0667241606861353
3,1,410,0.132696070708334
3,1,411,0.231128841638565
3,1,412,0.362179692834616
3,1,413,0.523761020507663
3,1,414,0.711409319192171
3,1,415,0.918512284755707
3,1,416,1.13672342896461
3,1,417,1.35661761462688
3,1,418,1.56852215528488
3,1,419,1.76335172355175
3,1,420,1.93346124887466
3,1,421,2.07336063683033
3,1,422,2.18018680810928
3,1,423,2.25393307209015
3,1,424,2.29737591743469
3,1,425,2.31563685834408
3,1,426,2.31558890640736
3,1,427,2.30496576428413
3,1,428,2.2914597094059
3,1,429,2.28185029327869
3,1,430,2.28118860721588
3,1,431,2.29228182137012
3,1,432,2.31544330716133
3,1,433,2.348508939147
3,1,434,2.3871928602457
3,1,435,2.42572583258152
3,1,436,2.45761266350746
3,1,437,2.47651889920235
3,1,438,2.47712209820747
3,1,439,2.45579782128334
3,1,440,2.41113743185997
3,1,441,2.34411844611168
3,1,442,2.25812712311745
3,1,443,2.15855933725834
3,1,444,2.05226300656796
3,1,445,1.946856752038
3,1,446,1.84993255138397
3,1,447,1.76832662522793
3,1,448,1.70750933885574
3,1,449,1.67113368213177
3,1,450,1.66086083650589
3,1,451,1.67639055848122
3,2,401,0.722984044346958
3,2,402,0.680258262902498
3,2,403,0.653409920632839
3,2,404,0.643972720950842
3,2,405,0.65182101726532
3,2,406,0.675230275839567
3,2,407,0.711054948158562
3,2,408,0.755145037546754
3,2,409,0.802844058722258
3,2,410,0.849578659981489
3,2,411,0.891415551304817
3,2,412,0.925585255026817
3,2,413,0.950837604701519
3,2,414,0.967659533023834
3,2,415,0.978226102888584
3,2,416,0.986153163015842
3,2,417,0.996068224310875
3,2,418,1.01303611695766
3,2,419,1.0419047549367
3,2,420,1.0866327136755
3,2,421,1.14970977604389
3,2,422,1.23175628483295
3,2,423,1.33129343390465
3,2,424,1.44478905200958
3,2,425,1.56695154309273
3,2,426,1.69117787480354
3,2,427,1.81021684408188
3,2,428,1.91695293784142
3,2,429,2.00514683127403
3,2,430,2.07007217407227
3,2,431,2.10909244418144
3,2,432,2.12186494469643
3,2,433,2.1104422211647
3,2,434,2.07901257276535
3,2,435,2.03341999650002
3,2,436,1.98054778575897
3,2,437,1.92753165960312
3,2,438,1.88107547163963
3,2,439,1.8466677069664
3,2,440,1.82811638712883
3,2,441,1.82725161314011
3,2,442,1.84384202957153
3,2,443,1.87580758333206
3,2,444,1.91965517401695
3,2,445,1.97104933857918
3,2,446,2.02548751235008
3,2,447,2.07902431488037
3,2,448,2.12885627150536
3,2,449,2.17375010251999
3,2,450,2.21424961090088
3,2,451,2.2526308298111
3,3,401,0.134705163538456
3,3,402,0.288323045708239
3,3,403,0.467959671281278
3,3,404,0.668771132826805
3,3,405,0.883680015802383
3,3,406,1.10369439981878
3,3,407,1.31851876247674
3,3,408,1.51726737618446
3,3,409,1.68928085267544
3,3,410,1.82498614490032
3,3,411,1.91675372421741
3,3,412,1.95946641266346
3,3,413,1.95108161866665
3,3,414,1.89281439781189
3,3,415,1.78912220150232
3,3,416,1.64741761237383
3,3,417,1.47757587581873
3,3,418,1.29111827537417
3,3,419,1.10041055828333
3,3,420,0.91767187975347
3,3,421,0.754102510400116
3,3,422,0.619044588878751
3,3,423,0.519328912720084
3,3,424,0.458842791616917
3,3,425,0.438322022324428
3,3,426,0.455450675450265
3,3,427,0.50513619557023
3,3,428,0.580047685652971
3,3,429,0.671348094940186
3,3,430,0.769526958465576
3,3,431,0.865179553627968
3,3,432,0.949852839112282
3,3,433,1.01675292849541
3,3,434,1.0612602904439
3,3,435,1.08121755719185
3,3,436,1.07709646224976
3,3,437,1.05174447968602
3,3,438,1.01001574285328
3,3,439,0.95826199837029
3,3,440,0.90364726819098
3,3,441,0.853432178497314
3,3,442,0.814276987686753
3,3,443,0.791625831276178
3,3,444,0.789302412420511
3,3,445,0.809115372598171
3,3,446,0.850838348269463
3,3,447,0.912315532565117
3,3,448,0.989774316549301
3,3,449,1.07829342782497
3,3,450,1.17227664589882
3,3,451,1.26599818468094
3,4,401,0.862740978598595
3,4,402,0.901706710457802
3,4,403,0.914151422679424
3,4,404,0.895618289709091
3,4,405,0.844722494482994
3,4,406,0.763382520526648
3,4,407,0.656700327992439
3,4,408,0.532579683698714
3,4,409,0.400917222490534
3,4,410,0.272708650678396
3,4,411,0.15894303098321
3,4,412,0.0695255026221275
3,4,413,0.0122746080160141
3,4,414,-0.00783455371856689
3,4,415,0.0108520090579987
3,4,416,0.0665574632585049
3,4,417,0.154259527858812
3,4,418,0.266295172274113
3,4,419,0.393171034753323
3,4,420,0.524602115154266
3,4,421,0.650590880773962
3,4,422,0.762437764555216
3,4,423,0.853627063333988
3,4,424,0.920416213572025
3,4,425,0.962140075862408
3,4,426,0.98113577067852
3,4,427,0.982382774353027
3,4,428,0.972872037440538
3,4,429,0.96074140816927
3,4,430,0.95436904206872
3,4,431,0.961482409387827
3,4,432,0.988386483862996
3,4,433,1.03933668881655
3,4,434,1.11624314635992
3,4,435,1.21863333880901
3,4,436,1.34385004639626
3,4,437,1.48757067322731
3,4,438,1.64430350065231
3,4,439,1.80806711316109
3,4,440,1.97304192185402
3,4,441,2.13415077328682
3,4,442,2.28740441799164
3,4,443,2.4300462603569
3,4,444,2.56058377027512
3,4,445,2.67862516641617
3,4,446,2.78453803062439
3,4,447,2.87907898426056
3,4,448,2.96300935745239
3,4,449,3.03680431842804
3,4,450,3.10041290521622
3,4,451,3.15320831537247
4,1,401,4.89668554067612
4,1,402,4.93231785297394
4,1,403,4.97877371311188
4,1,404,5.03120267391205
4,1,405,5.08377623558044
4,1,406,5.13022243976593
4,1,407,5.16451632976532
4,1,408,5.18164032697678
4,1,409,5.17833751440048
4,1,410,5.15373587608337
4,1,411,5.10978472232819
4,1,412,5.05141317844391
4,1,413,4.98634713888168
4,1,414,4.92462998628616
4,1,415,4.87780296802521
4,1,416,4.85784876346588
4,1,417,4.87598884105682
4,1,418,4.94145631790161
4,1,419,5.06036788225174
4,1,420,5.2348541021347
4,1,421,5.46247959136963
4,1,422,5.73614704608917
4,1,423,6.04438680410385
4,1,424,6.37211412191391
4,1,425,6.70177268981934
4,1,426,7.01472157239914
4,1,427,7.29276704788208
4,1,428,7.5197057723999
4,1,429,7.68266642093658
4,1,430,7.77317810058594
4,1,431,7.78782093524933
4,1,432,7.72839140892029
4,1,433,7.60159260034561
4,1,434,7.41828763484955
4,1,435,7.1923600435257
4,1,436,6.93935948610306
4,1,437,6.67501896619797
4,1,438,6.41385531425476
4,1,439,6.16795372962952
4,1,440,5.94607973098755
4,1,441,5.75318363308907
4,1,442,5.59035050868988
4,1,443,5.4551565349102
4,1,444,5.34239369630814
4,1,445,5.24504908919334
4,1,446,5.15542960166931
4,1,447,5.06626403331757
4,1,448,4.97168469429016
4,1,449,4.86797124147415
4,1,450,4.75394922494888
4,1,451,4.63102793693542
4,2,401,5.39048832654953
4,2,402,5.54833137989044
4,2,403,5.71724188327789
4,2,404,5.89167279005051
4,2,405,6.06608253717422
4,2,406,6.23544836044312
4,2,407,6.3956710100174
4,2,408,6.54381662607193
4,2,409,6.67823803424835
4,2,410,6.79853790998459
4,2,411,6.90544056892395
4,2,412,7.00056916475296
4,2,413,7.08620738983154
4,2,414,7.16504514217377
4,2,415,7.24000054597855
4,2,416,7.31403398513794
4,2,417,7.39004790782928
4,2,418,7.4708080291748
4,2,419,7.55890887975693
4,2,420,7.65669620037079
4,2,421,7.76621162891388
4,2,422,7.88905513286591
4,2,423,8.02624577283859
4,2,424,8.17801570892334
4,2,425,8.34363716840744
4,2,426,8.52122569084167
4,2,427,8.70767188072205
4,2,428,8.89860391616821
4,2,429,9.08849954605103
4,2,430,9.27094376087189
4,2,431,9.43901312351227
4,2,432,9.58575451374054
4,2,433,9.70472967624664
4,2,434,9.79059636592865
4,2,435,9.83958554267883
4,2,436,9.84988689422607
4,2,437,9.82184541225433
4,2,438,9.75794064998627
4,2,439,9.66257882118225
4,2,440,9.54165005683899
4,2,441,9.40193629264832
4,2,442,9.25042343139648
4,2,443,9.09360003471375
4,2,444,8.93685358762741
4,2,445,8.78398495912552
4,2,446,8.63694870471954
4,2,447,8.49585825204849
4,2,448,8.35921972990036
4,2,449,8.22440338134766
4,2,450,8.08826345205307
4,2,451,7.94785708189011
4,3,401,5.93550723791122
4,3,402,5.93692660331726
4,3,403,5.94076859951019
4,3,404,5.94983321428299
4,3,405,5.96769672632217
4,3,406,5.99833589792252
4,3,407,6.04564553499222
4,3,408,6.1129515171051
4,3,409,6.20256984233856
4,3,410,6.31548404693604
4,3,411,6.45117259025574
4,3,412,6.60763108730316
4,3,413,6.78158271312714
4,3,414,6.96881437301636
4,3,415,7.16466170549393
4,3,416,7.36447447538376
4,3,417,7.56409311294556
4,3,418,7.76019912958145
4,3,419,7.9505033493042
4,3,420,8.13374853134155
4,3,421,8.30950486660004
4,3,422,8.4778163433075
4,3,423,8.63872277736664
4,3,424,8.79174572229385
4,3,425,8.93542730808258
4,3,426,9.06699848175049
4,3,427,9.18223237991333
4,3,428,9.27557158470154
4,3,429,9.34050333499908
4,3,430,9.37015974521637
4,3,431,9.3581018447876
4,3,432,9.2991795539856
4,3,433,9.1903635263443
4,3,434,9.03143841028214
4,3,435,8.82547664642334
4,3,436,8.57896053791046
4,3,437,8.30154329538345
4,3,438,8.00545454025269
4,3,439,7.70456451177597
4,3,440,7.41322261095047
4,3,441,7.14496260881424
4,3,442,6.91126263141632
4,3,443,6.72044089436531
4,3,444,6.57686549425125
4,3,445,6.48054188489914
4,3,446,6.42715758085251
4,3,447,6.4085775911808
4,3,448,6.41373878717422
4,3,449,6.42984488606453
4,3,450,6.44374158978462
4,3,451,6.44326826930046
4,4,401,7.37792134284973
4,4,402,7.62926334142685
4,4,403,7.873375415802
4,4,404,8.10664188861847
4,4,405,8.32629179954529
4,4,406,8.53042274713516
4,4,407,8.71794831752777
4,4,408,8.88851338624954
4,4,409,9.04236316680908
4,4,410,9.18023544549942
4,4,411,9.30324792861938
4,4,412,9.41284167766571
4,4,413,9.51073372364044
4,4,414,9.59888505935669
4,4,415,9.67946922779083
4,4,416,9.75485384464264
4,4,417,9.82751739025116
4,4,418,9.89994513988495
4,4,419,9.97445285320282
4,4,420,10.0529959201813
4,4,421,10.1369421482086
4,4,422,10.2268640398979
4,4,423,10.3223309516907
4,4,424,10.4218332767487
4,4,425,10.5227273106575
4,4,426,10.6213258504868
4,4,427,10.71309030056
4,4,428,10.7929387688637
4,4,429,10.855659365654
4,4,430,10.8963432312012
4,4,431,10.9108273983002
4,4,432,10.8961044549942
4,4,433,10.8506560325623
4,4,434,10.7745914459229
4,4,435,10.6697316169739
4,4,436,10.5394314527512
4,4,437,10.388313293457
4,4,438,10.2218444347382
4,4,439,10.0458450317383
4,4,440,9.8659656047821
4,4,441,9.68719428777695
4,4,442,9.51344507932663
4,4,443,9.34727692604065
4,4,444,9.18978142738342
4,4,445,9.04063028097153
4,4,446,8.89830058813095
4,4,447,8.76041030883789
4,4,448,8.62417012453079
4,4,449,8.48684298992157
4,4,450,8.34620708227158
4,4,451,8.20091384649277
5,1,401,3.6420593559742
5,1,402,3.63514971733093
5,1,403,3.66820949316025
5,1,404,3.74424731731415
5,1,405,3.8640139400959
5,1,406,4.02553671598434
5,1,407,4.22396624088287
5,1,408,4.45179688930511
5,1,409,4.69937509298325
5,1,410,4.95571452379227
5,1,411,5.20947483181953
5,1,412,5.44998097419739
5,1,413,5.66820257902145
5,1,414,5.85751962661743
5,1,415,6.01423835754395
5,1,416,6.13778549432755
5,1,417,6.23054665327072
5,1,418,6.2973992228508
5,1,419,6.34500414133072
5,1,420,6.38092595338821
5,1,421,6.412721991539
5,1,422,6.44705528020859
5,1,423,6.4890011548996
5,1,424,6.541539311409
5,1,425,6.60536247491837
5,1,426,6.67891412973404
5,1,427,6.75871282815933
5,1,428,6.83987069129944
5,1,429,6.91671645641327
5,1,430,6.98348474502563
5,1,431,7.03493738174438
5,1,432,7.06689757108688
5,1,433,7.07658642530441
5,1,434,7.06281018257141
5,1,435,7.02590763568878
5,1,436,6.96756637096405
5,1,437,6.89049792289734
5,1,438,6.79803562164307
5,1,439,6.69372296333313
5,1,440,6.58093082904816
5,1,441,6.4625655412674
5,1,442,6.34089088439941
5,1,443,6.21744203567505
5,1,444,6.09309220314026
5,1,445,5.96817886829376
5,1,446,5.84272146224976
5,1,447,5.71662104129791
5,1,448,5.58991533517838
5,1,449,5.46293812990189
5,1,450,5.33646249771118
5,1,451,5.21175116300583
5,2,401,6.09929120540619
5,2,402,6.17308187484741
5,2,403,6.24342036247253
5,2,404,6.3101435303688
5,2,405,6.3744792342186
5,2,406,6.43871384859085
5,2,407,6.50573134422302
5,2,408,6.57847452163696
5,2,409,6.65939348936081
5,2,410,6.74996238946915
5,2,411,6.85032016038895
5,2,412,6.95908772945404
5,2,413,7.07337176799774
5,2,414,7.18899095058441
5,2,415,7.30087703466415
5,2,416,7.40358853340149
5,2,417,7.49194145202637
5,2,418,7.56161177158356
5,2,419,7.6096795797348
5,2,420,7.6350457072258
5,2,421,7.63863390684128
5,2,422,7.6234079003334
5,2,423,7.59414207935333
5,2,424,7.55699521303177
5,2,425,7.51893377304077
5,2,426,7.48704838752747
5,2,427,7.46786385774612
5,2,428,7.46668982505798
5,2,429,7.48709082603455
5,2,430,7.53056252002716
5,2,431,7.59640920162201
5,2,432,7.68185377120972
5,2,433,7.78237545490265
5,2,434,7.89221513271332
5,2,435,8.00500249862671
5,2,436,8.11444020271301
5,2,437,8.21493911743164
5,2,438,8.30217564105988
5,2,439,8.37347912788391
5,2,440,8.42802631855011
5,2,441,8.46679162979126
5,2,442,8.49232494831085
5,2,443,8.50831091403961
5,2,444,8.51900458335876
5,2,445,8.52863729000092
5,2,446,8.54078078269958
5,2,447,8.55783843994141
5,2,448,8.58067309856415
5,2,449,8.6084086894989
5,2,450,8.63846457004547
5,2,451,8.66680347919464
5,3,401,4.28257536888123
5,3,402,4.28756952285767
5,3,403,4.30006182193756
5,3,404,4.32430845499039
5,3,405,4.3650341629982
5,3,406,4.42680090665817
5,3,407,4.51340079307556
5,3,408,4.62736266851425
5,3,409,4.76955223083496
5,3,410,4.9389888048172
5,3,411,5.13282853364944
5,3,412,5.34652012586594
5,3,413,5.5741394162178
5,3,414,5.80883520841599
5,3,415,6.04334944486618
5,3,416,6.27056479454041
5,3,417,6.48404395580292
5,3,418,6.67846667766571
5,3,419,6.84999978542328
5,3,420,6.99651741981506
5,3,421,7.11768519878387
5,3,422,7.2148973941803
5,3,423,7.2911069393158
5,3,424,7.35050761699677
5,3,425,7.39817905426025
5,3,426,7.43963897228241
5,3,427,7.48039209842682
5,3,428,7.52549052238464
5,3,429,7.57911205291748
5,3,430,7.64423191547394
5,3,431,7.72233700752258
5,3,432,7.81330502033234
5,3,433,7.91533029079437
5,3,434,8.02503895759583
5,3,435,8.13766825199127
5,3,436,8.2474091053009
5,3,437,8.34780299663544
5,3,438,8.43224787712097
5,3,439,8.49453842639923
5,3,440,8.52937436103821
5,3,441,8.53286349773407
5,3,442,8.50290834903717
5,3,443,8.4394725561142
5,3,444,8.34470450878143
5,3,445,8.2228569984436
5,3,446,8.08002293109894
5,3,447,7.92371475696564
5,3,448,7.76227343082428
5,3,449,7.60421562194824
5,3,450,7.45752048492432
5,3,451,7.32895612716675
5,4,401,7.57487177848816
5,4,402,7.64330351352692
5,4,403,7.76992559432983
5,4,404,7.95268332958221
5,4,405,8.18369317054749
5,4,406,8.44994056224823
5,4,407,8.73460590839386
5,4,408,9.01881778240204
5,4,409,9.28366637229919
5,4,410,9.51219236850739
5,4,411,9.6911655664444
5,4,412,9.81240820884705
5,4,413,9.87355017662048
5,4,414,9.87811386585236
5,4,415,9.83495259284973
5,4,416,9.75712990760803
5,4,417,9.66036915779114
5,4,418,9.5612952709198
5,4,419,9.47565710544586
5,4,420,9.41675698757172
5,4,421,9.39424777030945
5,4,422,9.41341125965118
5,4,423,9.47500419616699
5,4,424,9.57562398910522
5,4,425,9.70850229263306
5,4,426,9.86464178562164
5,4,427,10.0340896844864
5,4,428,10.2071750164032
5,4,429,10.3755848407745
5,4,430,10.5331090688705
5,4,431,10.6760003566742
5,4,432,10.8029389381409
5,4,433,10.9146111011505
5,4,434,11.0130077600479
5,4,435,11.1005675792694
5,4,436,11.179313659668
5,4,437,11.2500777244568
5,4,438,11.3119926452637
5,4,439,11.3622759580612
5,4,440,11.3963885307312
5,4,441,11.4084851741791
5,4,442,11.3921627998352
5,4,443,11.3413701057434
5,4,444,11.2513077259064
5,4,445,11.1193095445633
5,4,446,10.9454797506332
5,4,447,10.7330255508423
5,4,448,10.4882874488831
5,4,449,10.2203764915466
5,4,450,9.94053494930267
5,4,451,9.66124415397644
6,1,401,1.56013944745064
6,1,402,1.59460738301277
6,1,403,1.61964786052704
6,1,404,1.62891981005669
6,1,405,1.61783297359943
6,1,406,1.58417443931103
6,1,407,1.52846713364124
6,1,408,1.45404689013958
6,1,409,1.3667860776186
6,1,410,1.27453204989433
6,1,411,1.18631085753441
6,1,412,1.11134992539883
6,1,413,1.05806411802769
6,1,414,1.0330900400877
6,1,415,1.04049442708492
6,1,416,1.08125197887421
6,1,417,1.15303041040897
6,1,418,1.25036161392927
6,1,419,1.36513142287731
6,1,420,1.48737394809723
6,1,421,1.60628259927034
6,1,422,1.71130807325244
6,1,423,1.79324959591031
6,1,424,1.84521874040365
6,1,425,1.86333698034286
6,1,426,1.84715544432402
6,1,427,1.79966869950294
6,1,428,1.72699734568596
6,1,429,1.63773922622204
6,1,430,1.5420498996973
6,1,431,1.45058314502239
6,1,432,1.37338924407959
6,1,433,1.31888061761856
6,1,434,1.29299701750278
6,1,435,1.29860503971577
6,1,436,1.33527111262083
6,1,437,1.39932908862829
6,1,438,1.48431034386158
6,1,439,1.58162737637758
6,1,440,1.68146282061934
6,1,441,1.77373179793358
6,1,442,1.84907421469688
6,1,443,1.89972955733538
6,1,444,1.92021606117487
6,1,445,1.90779004245996
6,1,446,1.86261767521501
6,1,447,1.78765463642776
6,1,448,1.6883205822669
6,1,449,1.57193908467889
6,1,450,1.44703183323145
6,1,451,1.32261428236961
6,2,401,2.39294188283384
6,2,402,2.42494413256645
6,2,403,2.44063480198383
6,2,404,2.44698359299218
6,2,405,2.45179258193821
6,2,406,2.46260957047343
6,2,407,2.48570695146918
6,2,408,2.52518191933632
6,2,409,2.58234204351902
6,2,410,2.65540756285191
6,2,411,2.73962500691414
6,2,412,2.82774616777897
6,2,413,2.91085687279701
6,2,414,2.97942282259464
6,2,415,3.02448588609695
6,2,416,3.03880143165588
6,2,417,3.01782518625259
6,2,418,2.96043066680431
6,2,419,2.8692224919796
6,2,420,2.75041128695011
6,2,421,2.613301679492
6,2,422,2.46937711536884
6,2,423,2.33112704008818
6,2,424,2.21071804314852
6,2,425,2.11869383975863
6,2,426,2.06281818076968
6,2,427,2.0472131408751
6,2,428,2.07189410924911
6,2,429,2.1327618509531
6,2,430,2.2220273911953
6,2,431,2.32906855642796
6,2,432,2.44157575070858
6,2,433,2.54687850177288
6,2,434,2.6333187520504
6,2,435,2.69145901501179
6,2,436,2.71508456766605
6,2,437,2.70178674161434
6,2,438,2.6531702876091
6,2,439,2.57457126677036
6,2,440,2.47438897192478
6,2,441,2.36311261355877
6,2,442,2.25210979580879
6,2,443,2.15238742530346
6,2,444,2.07341100275517
6,2,445,2.02213582396507
6,2,446,2.00234451889992
6,2,447,2.01434937119484
6,2,448,2.05509632825851
6,2,449,2.11863270401955
6,2,450,2.19687134027481
6,2,451,2.2805615067482
6,3,401,2.81021413765848
6,3,402,2.8853780515492
6,3,403,2.95347594469786
6,3,404,3.01023635268211
6,3,405,3.05264519155025
6,3,406,3.07943846285343
6,3,407,3.09141400456429
6,3,408,3.09146797657013
6,3,409,3.08437030017376
6,3,410,3.07627126574516
6,3,411,3.07397529482841
6,3,412,3.0841189622879
6,3,413,3.11228662729263
6,3,414,3.16222205758095
6,3,415,3.23517832159996
6,3,416,3.32957270741463
6,3,417,3.44091564416885
6,3,418,3.56208395957947
6,3,419,3.68389198184013
6,3,420,3.79587951302528
6,3,421,3.88731917738914
6,3,422,3.94818797707558
6,3,423,3.97012639045715
6,3,424,3.94721391797066
6,3,425,3.87648594379425
6,3,426,3.75816038250923
6,3,427,3.59555205702782
6,3,428,3.39466601610184
6,3,429,3.16358956694603
6,3,430,2.91167491674423
6,3,431,2.64872889220715
6,3,432,2.38417736627162
6,3,433,2.12640037294477
6,3,434,1.88223268836737
6,3,435,1.65669386833906
6,3,436,1.45298095792532
6,3,437,1.27263789623976
6,3,438,1.11590008065104
6,3,439,0.982132041826844
6,3,440,0.870277795940638
6,3,441,0.779252804815769
6,3,442,0.708212606608868
6,3,443,0.656708329916
6,3,444,0.624637097120285
6,3,445,0.612090148031712
6,3,446,0.619067966938019
6,3,447,0.645178280770779
6,3,448,0.689352191984653
6,3,449,0.749606363475323
6,3,450,0.82297544926405
6,3,451,0.90557579731103
6,4,401,2.42818397656083
6,4,402,2.62479121237993
6,4,403,2.81890867650509
6,4,404,3.00303389132023
6,4,405,3.16876663267612
6,4,406,3.30745220184326
6,4,407,3.41091893613338
6,4,408,3.47228881716728
6,4,409,3.48671188950539
6,4,410,3.45198510587215
6,4,411,3.36897817254066
6,4,412,3.24178593605757
6,4,413,3.07759778946638
6,4,414,2.88625272363424
6,4,415,2.67955984687433
6,4,416,2.47037362679839
6,4,417,2.27155667170882
6,4,418,2.09490426629782
6,4,419,1.95013152062893
6,4,420,1.84403911978006
6,4,421,1.77992435544729
6,4,422,1.75732526183128
6,4,423,1.77210725843906
6,4,424,1.81687668710947
6,4,425,1.88172125071287
6,4,426,1.95518766343594
6,4,427,2.02538681030273
6,4,428,2.08114109933376
6,4,429,2.11306431889534
6,4,430,2.11442993581295
6,4,431,2.08179445564747
6,4,432,2.01530328392982
6,4,433,1.91860558092594
6,4,434,1.79847745597363
6,4,435,1.6641356498003
6,4,436,1.52631320059299
6,4,437,1.39627529680729
6,4,438,1.28475082665682
6,4,439,1.20099732652307
6,4,440,1.15203839913011
6,4,441,1.14212578721344
6,4,442,1.17250271141529
6,4,443,1.24147360771894
6,4,444,1.34473410248756
6,4,445,1.4759182408452
6,4,446,1.62732370570302
6,4,447,1.790656382218
6,4,448,1.95780307706445
6,4,449,2.1214628405869
6,4,450,2.27567308396101
6,4,451,2.41607266664505
